avg_latency_ms,avg_tokens_per_second,avg_tokens_per_second_per_request,avg_ttft_ms,concurrent_users,description,max_tokens,max_tokens_per_second,min_tokens_per_second,p50_latency_ms,p95_latency_ms,prompt_words,runs,std_tokens_per_second,successful_requests,test_type,time_to_first_token_ms,tokens_per_second,tokens_received,total_time_seconds,total_tokens_per_second
231.89815119840205,43.12833461428743,,46.37963023968041,,short_prompt_short_response,10,43.715429429734456,42.24050641188257,231.08889001014177,239.5711104851216,3,5,0.5641702456122328,,single_request,,,,,
1049.070368197863,47.66199164132804,,209.8140736395726,,short_prompt_medium_response,50,47.88210932862561,47.330850252469986,1048.2828230015002,1060.7735496902023,8,5,0.21059062033682605,,single_request,,,,,
2067.187979197479,48.375021877060675,,413.43759583949577,,short_prompt_long_response,100,48.424931383886566,48.219063859128184,2065.874216990778,2079.386132415675,5,5,0.08772684318154844,,single_request,,,,,
4145.599595597014,48.244069631463226,,829.1199191194028,,medium_prompt_long_response,200,48.390003573474765,48.131476669523074,4147.082693001721,4160.876126785297,14,5,0.09312352228624858,,single_request,,,,,
2114.9766615970293,47.282008602781694,,422.9953323194059,,long_prompt_long_response,100,47.41860340189077,47.173318011919925,2115.1327569969,2120.918201979657,180,5,0.09817299607029892,,single_request,,,,,
1452.6005019943113,,34.42102993631123,,2,concurrent_2_users,50,,,1452.6005019943113,1453.0763099901378,6,,,2,concurrent_requests,,,,,68.81951024353202
1860.1720202015713,,26.879234765011688,,5,concurrent_5_users,50,,,1860.0944420031738,1860.7661033864133,6,,,5,concurrent_requests,,,,,134.37176738190365
2692.6691967979423,,18.568935379884238,,10,concurrent_10_users,50,,,2692.5810989996535,2693.439554781071,6,,,10,concurrent_requests,,,,,185.64998750202466
,,,,,streaming_test,50,,,,,7,,,,streaming,48.94494800828397,47.19443764513534,50,1.0594468860072084,
